YEAR ,MONTH,INDEX
1950,1.00E+00,-2.19E+00
1950,2.00E+00,-1.45E+00
1950,3.00E+00,-9.65E-01
1950,4.00E+00,-8.59E-01
1950,5.00E+00,-6.34E-01
1950,6.00E+00,-5.81E-01
1950,7.00E+00,-7.42E-01
1950,8.00E+00,-5.49E-01
1950,9.00E+00,-6.02E-01
1950,1.00E+01,1.19E-01
1950,1.10E+01,-2.57E-01
1950,1.20E+01,-4.93E-01
1951,1.00E+00,-4.79E-01
1951,2.00E+00,-4.14E-01
1951,3.00E+00,-5.70E-01
1951,4.00E+00,-5.61E-01
1951,5.00E+00,-1.07E+00
1951,6.00E+00,-1.44E+00
1951,7.00E+00,-1.10E+00
1951,8.00E+00,-1.17E+00
1951,9.00E+00,-1.42E+00
1951,1.00E+01,-1.07E+00
1951,1.10E+01,-1.01E+00
1951,1.20E+01,-1.22E+00
1952,1.00E+00,-1.34E+00
1952,2.00E+00,-1.09E+00
1952,3.00E+00,-6.70E-01
1952,4.00E+00,-4.34E-01
1952,5.00E+00,-6.27E-01
1952,6.00E+00,-9.73E-01
1952,7.00E+00,-1.34E+00
1952,8.00E+00,-8.97E-01
1952,9.00E+00,-5.83E-01
1952,1.00E+01,-2.58E-01
1952,1.10E+01,-3.16E-01
1952,1.20E+01,8.45E-01
1953,1.00E+00,9.44E-01
1953,2.00E+00,7.48E-01
1953,3.00E+00,1.22E+00
1953,4.00E+00,1.25E+00
1953,5.00E+00,1.27E+00
1953,6.00E+00,1.06E+00
1953,7.00E+00,1.04E+00
1953,8.00E+00,6.19E-01
1953,9.00E+00,2.91E-01
1953,1.00E+01,1.08E+00
1953,1.10E+01,2.05E+00
1953,1.20E+01,1.42E+00
1954,1.00E+00,1.09E+00
1954,2.00E+00,1.16E+00
1954,3.00E+00,7.94E-02
1954,4.00E+00,-3.73E-01
1954,5.00E+00,-1.64E-01
1954,6.00E+00,1.78E-01
1954,7.00E+00,-3.52E-02
1954,8.00E+00,-1.32E-01
1954,9.00E+00,-2.63E-01
1954,1.00E+01,1.84E-01
1954,1.10E+01,3.55E-01
1954,1.20E+01,4.04E-01
1955,1.00E+00,3.26E-01
1955,2.00E+00,-2.49E-01
1955,3.00E+00,-2.16E-01
1955,4.00E+00,4.07E-02
1955,5.00E+00,2.61E-01
1955,6.00E+00,-1.59E-02
1955,7.00E+00,-8.80E-02
1955,8.00E+00,2.75E-01
1955,9.00E+00,-1.10E-01
1955,1.00E+01,-5.24E-01
1955,1.10E+01,-8.00E-02
1955,1.20E+01,-5.18E-01
1956,1.00E+00,1.20E-01
1956,2.00E+00,-1.38E-01
1956,3.00E+00,2.30E-02
1956,4.00E+00,-3.82E-02
1956,5.00E+00,1.42E-01
1956,6.00E+00,4.71E-01
1956,7.00E+00,4.64E-01
1956,8.00E+00,5.40E-01
1956,9.00E+00,3.01E-01
1956,1.00E+01,-5.15E-02
1956,1.10E+01,-2.26E-01
1956,1.20E+01,-7.67E-01
1957,1.00E+00,-1.27E+00
1957,2.00E+00,-1.96E+00
1957,3.00E+00,-1.34E+00
1957,4.00E+00,-1.26E+00
1957,5.00E+00,-1.04E+00
1957,6.00E+00,-1.17E+00
1957,7.00E+00,-7.56E-01
1957,8.00E+00,-9.05E-01
1957,9.00E+00,-9.22E-01
1957,1.00E+01,-1.03E+00
1957,1.10E+01,-1.41E+00
1957,1.20E+01,-7.17E-01
1958,1.00E+00,1.17E-01
1958,2.00E+00,1.47E-01
1958,3.00E+00,-1.15E+00
1958,4.00E+00,-7.19E-01
1958,5.00E+00,-8.51E-01
1958,6.00E+00,-7.23E-01
1958,7.00E+00,-8.70E-01
1958,8.00E+00,-6.29E-01
1958,9.00E+00,-2.04E-01
1958,1.00E+01,-5.09E-01
1958,1.10E+01,-7.75E-01
1958,1.20E+01,-4.05E-01
1959,1.00E+00,1.23E-01
1959,2.00E+00,-5.91E-01
1959,3.00E+00,-3.92E-01
1959,4.00E+00,-4.51E-01
1959,5.00E+00,-4.38E-01
1959,6.00E+00,-3.73E-01
1959,7.00E+00,-3.96E-01
1959,8.00E+00,-5.04E-01
1959,9.00E+00,7.27E-02
1959,1.00E+01,1.34E-01
1959,1.10E+01,-4.80E-02
1959,1.20E+01,4.23E-01
1960,1.00E+00,1.02E+00
1960,2.00E+00,8.19E-01
1960,3.00E+00,8.63E-01
1960,4.00E+00,7.93E-01
1960,5.00E+00,9.19E-01
1960,6.00E+00,3.13E-01
1960,7.00E+00,7.09E-01
1960,8.00E+00,4.38E-01
1960,9.00E+00,5.24E-01
1960,1.00E+01,4.89E-01
1960,1.10E+01,9.53E-01
1960,1.20E+01,1.14E+00
1961,1.00E+00,1.10E+00
1961,2.00E+00,1.36E+00
1961,3.00E+00,1.75E+00
1961,4.00E+00,9.57E-01
1961,5.00E+00,1.40E+00
1961,6.00E+00,1.20E+00
1961,7.00E+00,1.06E+00
1961,8.00E+00,1.07E+00
1961,9.00E+00,7.73E-01
1961,1.00E+01,3.49E-01
1961,1.10E+01,2.21E-01
1961,1.20E+01,3.97E-01
1962,1.00E+00,1.75E-01
1962,2.00E+00,-1.50E-01
1962,3.00E+00,-6.08E-01
1962,4.00E+00,-4.71E-01
1962,5.00E+00,-7.39E-01
1962,6.00E+00,-3.04E-01
1962,7.00E+00,-6.21E-02
1962,8.00E+00,-3.71E-01
1962,9.00E+00,3.34E-01
1962,1.00E+01,1.64E-01
1962,1.10E+01,4.46E-01
1962,1.20E+01,4.65E-01
1963,1.00E+00,-8.13E-01
1963,2.00E+00,-2.80E-01
1963,3.00E+00,-1.10E+00
1963,4.00E+00,-8.11E-01
1963,5.00E+00,-4.28E-01
1963,6.00E+00,-7.16E-01
1963,7.00E+00,-3.67E-01
1963,8.00E+00,-1.35E-01
1963,9.00E+00,1.20E-01
1963,1.00E+01,5.07E-01
1963,1.10E+01,6.61E-01
1963,1.20E+01,5.41E-01
1964,1.00E+00,1.07E+00
1964,2.00E+00,2.92E-01
1964,3.00E+00,3.52E-01
1964,4.00E+00,2.50E-01
1964,5.00E+00,2.72E-01
1964,6.00E+00,8.84E-01
1964,7.00E+00,1.60E+00
1964,8.00E+00,7.82E-01
1964,9.00E+00,9.13E-01
1964,1.00E+01,7.13E-01
1964,1.10E+01,7.44E-02
1964,1.20E+01,-6.79E-01
1965,1.00E+00,-6.09E-01
1965,2.00E+00,-8.38E-01
1965,3.00E+00,-9.43E-01
1965,4.00E+00,-8.79E-01
1965,5.00E+00,-1.16E+00
1965,6.00E+00,-8.30E-01
1965,7.00E+00,-6.92E-01
1965,8.00E+00,-4.44E-01
1965,9.00E+00,-8.57E-01
1965,1.00E+01,-6.83E-01
1965,1.10E+01,-9.18E-01
1965,1.20E+01,-1.19E+00
1966,1.00E+00,-3.23E-01
1966,2.00E+00,-1.11E+00
1966,3.00E+00,-5.99E-01
1966,4.00E+00,-1.37E+00
1966,5.00E+00,-1.68E+00
1966,6.00E+00,-1.26E+00
1966,7.00E+00,-1.11E+00
1966,8.00E+00,-9.78E-01
1966,9.00E+00,-7.53E-01
1966,1.00E+01,-8.00E-01
1966,1.10E+01,-9.38E-01
1966,1.20E+01,-5.45E-01
1967,1.00E+00,-7.36E-01
1967,2.00E+00,-6.10E-01
1967,3.00E+00,-1.12E+00
1967,4.00E+00,-8.91E-01
1967,5.00E+00,-9.95E-01
1967,6.00E+00,-1.25E+00
1967,7.00E+00,-1.17E+00
1967,8.00E+00,-7.54E-01
1967,9.00E+00,-5.17E-02
1967,1.00E+01,7.12E-03
1967,1.10E+01,-5.88E-01
1967,1.20E+01,-2.33E-01
1968,1.00E+00,-7.66E-01
1968,2.00E+00,-6.26E-01
1968,3.00E+00,-6.32E-01
1968,4.00E+00,-1.16E+00
1968,5.00E+00,-1.26E+00
1968,6.00E+00,-1.04E+00
1968,7.00E+00,-1.02E+00
1968,8.00E+00,-9.60E-01
1968,9.00E+00,-9.15E-01
1968,1.00E+01,-7.38E-01
1968,1.10E+01,-2.25E-01
1968,1.20E+01,-8.69E-01
1969,1.00E+00,-2.56E+00
1969,2.00E+00,-7.37E-01
1969,3.00E+00,-7.33E-01
1969,4.00E+00,-1.83E-01
1969,5.00E+00,-9.09E-02
1969,6.00E+00,-7.76E-01
1969,7.00E+00,-7.31E-01
1969,8.00E+00,-2.32E-01
1969,9.00E+00,1.52E-02
1969,1.00E+01,2.90E-01
1969,1.10E+01,-4.13E-02
1969,1.20E+01,1.13E+00
1970,1.00E+00,-1.92E-01
1970,2.00E+00,-3.21E-01
1970,3.00E+00,-4.13E-01
1970,4.00E+00,-2.22E-01
1970,5.00E+00,4.84E-01
1970,6.00E+00,3.71E-01
1970,7.00E+00,2.72E-01
1970,8.00E+00,4.13E-01
1970,9.00E+00,3.99E-01
1970,1.00E+01,2.26E-01
1970,1.10E+01,-2.14E-01
1970,1.20E+01,-7.15E-02
1971,1.00E+00,-2.02E-01
1971,2.00E+00,5.96E-02
1971,3.00E+00,4.54E-01
1971,4.00E+00,8.54E-01
1971,5.00E+00,4.95E-01
1971,6.00E+00,4.13E-01
1971,7.00E+00,7.91E-01
1971,8.00E+00,7.06E-01
1971,9.00E+00,5.28E-01
1971,1.00E+01,3.31E-01
1971,1.10E+01,1.82E-01
1971,1.20E+01,-2.80E-02
1972,1.00E+00,-5.31E-01
1972,2.00E+00,-4.08E-01
1972,3.00E+00,-6.94E-01
1972,4.00E+00,-6.81E-01
1972,5.00E+00,-7.47E-01
1972,6.00E+00,-7.61E-01
1972,7.00E+00,-3.22E-01
1972,8.00E+00,-4.27E-01
1972,9.00E+00,-9.25E-01
1972,1.00E+01,-1.10E+00
1972,1.10E+01,-5.56E-01
1972,1.20E+01,-7.62E-01
1973,1.00E+00,-4.84E-02
1973,2.00E+00,-5.03E-01
1973,3.00E+00,-7.23E-02
1973,4.00E+00,-5.06E-02
1973,5.00E+00,2.55E-01
1973,6.00E+00,5.14E-01
1973,7.00E+00,3.24E-01
1973,8.00E+00,1.67E-01
1973,9.00E+00,3.57E-01
1973,1.00E+01,3.50E-01
1973,1.10E+01,-1.13E-01
1973,1.20E+01,3.39E-01
1974,1.00E+00,-1.00E+00
1974,2.00E+00,-3.86E-01
1974,3.00E+00,-2.62E-02
1974,4.00E+00,1.48E-02
1974,5.00E+00,-1.66E-01
1974,6.00E+00,2.19E-01
1974,7.00E+00,3.77E-01
1974,8.00E+00,2.62E-01
1974,9.00E+00,-1.68E-01
1974,1.00E+01,7.50E-03
1974,1.10E+01,4.27E-02
1974,1.20E+01,7.16E-01
1975,1.00E+00,6.39E-01
1975,2.00E+00,9.85E-01
1975,3.00E+00,7.16E-01
1975,4.00E+00,6.49E-01
1975,5.00E+00,7.16E-01
1975,6.00E+00,4.58E-01
1975,7.00E+00,5.11E-01
1975,8.00E+00,1.03E+00
1975,9.00E+00,5.73E-01
1975,1.00E+01,9.56E-01
1975,1.10E+01,1.27E+00
1975,1.20E+01,1.08E+00
1976,1.00E+00,1.08E+00
1976,2.00E+00,1.18E+00
1976,3.00E+00,1.68E+00
1976,4.00E+00,2.44E+00
1976,5.00E+00,2.18E+00
1976,6.00E+00,2.07E+00
1976,7.00E+00,2.27E+00
1976,8.00E+00,2.44E+00
1976,9.00E+00,2.43E+00
1976,1.00E+01,1.69E+00
1976,1.10E+01,1.57E+00
1976,1.20E+01,1.33E+00
1977,1.00E+00,1.32E+00
1977,2.00E+00,1.93E+00
1977,3.00E+00,1.70E+00
1977,4.00E+00,1.40E+00
1977,5.00E+00,1.07E+00
1977,6.00E+00,9.24E-01
1977,7.00E+00,1.04E+00
1977,8.00E+00,1.28E+00
1977,9.00E+00,7.66E-01
1977,1.00E+01,1.25E+00
1977,1.10E+01,1.45E+00
1977,1.20E+01,8.54E-01
1978,1.00E+00,1.21E+00
1978,2.00E+00,1.24E+00
1978,3.00E+00,6.16E-01
1978,4.00E+00,4.53E-01
1978,5.00E+00,5.87E-01
1978,6.00E+00,3.84E-01
1978,7.00E+00,4.26E-01
1978,8.00E+00,8.64E-01
1978,9.00E+00,1.29E+00
1978,1.00E+01,3.52E-01
1978,1.10E+01,-2.59E-01
1978,1.20E+01,-1.12E+00
1979,1.00E+00,-5.15E-01
1979,2.00E+00,-2.33E-01
1979,3.00E+00,-6.29E-01
1979,4.00E+00,-1.03E+00
1979,5.00E+00,-7.82E-01
1979,6.00E+00,-8.23E-01
1979,7.00E+00,-1.15E+00
1979,8.00E+00,-1.25E+00
1979,9.00E+00,-7.85E-01
1979,1.00E+01,-6.13E-01
1979,1.10E+01,-4.92E-01
1979,1.20E+01,-5.41E-01
1980,1.00E+00,-1.90E+00
1980,2.00E+00,-1.72E+00
1980,3.00E+00,-1.15E+00
1980,4.00E+00,-6.58E-02
1980,5.00E+00,-2.11E-01
1980,6.00E+00,-6.83E-01
1980,7.00E+00,-9.90E-01
1980,8.00E+00,-1.08E+00
1980,9.00E+00,-6.97E-01
1980,1.00E+01,-6.60E-02
1980,1.10E+01,-1.35E-01
1980,1.20E+01,-2.83E-01
1981,1.00E+00,-2.64E-01
1981,2.00E+00,-1.06E+00
1981,3.00E+00,-6.91E-01
1981,4.00E+00,-6.27E-01
1981,5.00E+00,2.00E-01
1981,6.00E+00,8.82E-03
1981,7.00E+00,-5.26E-01
1981,8.00E+00,-6.98E-01
1981,9.00E+00,2.98E-03
1981,1.00E+01,-2.88E-01
1981,1.10E+01,7.56E-01
1981,1.20E+01,5.21E-01
1982,1.00E+00,-2.00E-01
1982,2.00E+00,-8.73E-01
1982,3.00E+00,-6.21E-01
1982,4.00E+00,-1.07E+00
1982,5.00E+00,-9.93E-01
1982,6.00E+00,-8.48E-01
1982,7.00E+00,-6.11E-01
1982,8.00E+00,-4.57E-01
1982,9.00E+00,-4.60E-01
1982,1.00E+01,-1.01E+00
1982,1.10E+01,-8.66E-01
1982,1.20E+01,-2.34E-01
1983,1.00E+00,6.05E-01
1983,2.00E+00,4.74E-01
1983,3.00E+00,4.30E-01
1983,4.00E+00,-7.21E-01
1983,5.00E+00,-7.44E-01
1983,6.00E+00,-7.69E-02
1983,7.00E+00,-4.86E-02
1983,8.00E+00,-1.00E-02
1983,9.00E+00,-4.10E-01
1983,1.00E+01,-4.87E-01
1983,1.10E+01,5.61E-01
1983,1.20E+01,-6.78E-01
1984,1.00E+00,-2.15E-01
1984,2.00E+00,4.01E-01
1984,3.00E+00,7.19E-01
1984,4.00E+00,1.16E+00
1984,5.00E+00,9.82E-01
1984,6.00E+00,7.37E-01
1984,7.00E+00,4.16E-01
1984,8.00E+00,3.68E-01
1984,9.00E+00,8.23E-01
1984,1.00E+01,9.43E-01
1984,1.10E+01,8.62E-01
1984,1.20E+01,2.52E-01
1985,1.00E+00,3.24E-01
1985,2.00E+00,-6.47E-02
1985,3.00E+00,2.31E-01
1985,4.00E+00,3.19E-01
1985,5.00E+00,1.56E-01
1985,6.00E+00,-4.47E-02
1985,7.00E+00,1.78E-01
1985,8.00E+00,-2.33E-01
1985,9.00E+00,-9.36E-01
1985,1.00E+01,-1.18E+00
1985,1.10E+01,-1.79E+00
1985,1.20E+01,-1.68E+00
1986,1.00E+00,-7.69E-01
1986,2.00E+00,-1.45E+00
1986,3.00E+00,-4.66E-01
1986,4.00E+00,-9.67E-01
1986,5.00E+00,-4.98E-01
1986,6.00E+00,-6.66E-01
1986,7.00E+00,-9.41E-01
1986,8.00E+00,-1.02E+00
1986,9.00E+00,-7.68E-01
1986,1.00E+01,-2.94E-01
1986,1.10E+01,-5.01E-01
1986,1.20E+01,-4.56E-01
1987,1.00E+00,6.87E-01
1987,2.00E+00,7.68E-01
1987,3.00E+00,2.85E-01
1987,4.00E+00,4.71E-01
1987,5.00E+00,2.74E-01
1987,6.00E+00,3.94E-01
1987,7.00E+00,4.26E-01
1987,8.00E+00,3.40E-01
1987,9.00E+00,1.70E-01
1987,1.00E+01,1.21E-01
1987,1.10E+01,5.22E-01
1987,1.20E+01,6.92E-01
1988,1.00E+00,1.11E+00
1988,2.00E+00,7.97E-01
1988,3.00E+00,9.68E-01
1988,4.00E+00,1.57E+00
1988,5.00E+00,1.78E+00
1988,6.00E+00,1.74E+00
1988,7.00E+00,1.72E+00
1988,8.00E+00,1.39E+00
1988,9.00E+00,1.32E+00
1988,1.00E+01,1.49E+00
1988,1.10E+01,1.24E+00
1988,1.20E+01,7.55E-01
1989,1.00E+00,1.31E+00
1989,2.00E+00,6.62E-01
1989,3.00E+00,9.29E-01
1989,4.00E+00,7.84E-01
1989,5.00E+00,5.84E-01
1989,6.00E+00,5.22E-01
1989,7.00E+00,1.26E+00
1989,8.00E+00,6.67E-01
1989,9.00E+00,6.54E-01
1989,1.00E+01,4.42E-01
1989,1.10E+01,-3.01E-01
1989,1.20E+01,-1.73E-01
1990,1.00E+00,2.69E-01
1990,2.00E+00,-2.80E-01
1990,3.00E+00,6.53E-01
1990,4.00E+00,2.42E-01
1990,5.00E+00,-9.61E-02
1990,6.00E+00,-6.54E-02
1990,7.00E+00,-2.58E-01
1990,8.00E+00,-3.30E-01
1990,9.00E+00,-1.59E-01
1990,1.00E+01,-1.20E-01
1990,1.10E+01,-7.39E-01
1990,1.20E+01,-1.53E+00
1991,1.00E+00,-7.44E-01
1991,2.00E+00,-3.05E-01
1991,3.00E+00,-8.07E-01
1991,4.00E+00,-2.06E-01
1991,5.00E+00,-5.95E-02
1991,6.00E+00,-3.88E-01
1991,7.00E+00,-4.79E-01
1991,8.00E+00,-5.74E-01
1991,9.00E+00,-9.49E-01
1991,1.00E+01,-1.09E+00
1991,1.10E+01,-1.72E-01
1991,1.20E+01,-2.13E-01
1992,1.00E+00,4.93E-01
1992,2.00E+00,-4.57E-01
1992,3.00E+00,-8.21E-01
1992,4.00E+00,-1.43E+00
1992,5.00E+00,-1.80E+00
1992,6.00E+00,-1.35E+00
1992,7.00E+00,-1.46E+00
1992,8.00E+00,-1.25E+00
1992,9.00E+00,-9.47E-01
1992,1.00E+01,-9.69E-01
1992,1.10E+01,-1.28E+00
1992,1.20E+01,-1.87E+00
1993,1.00E+00,-2.82E+00
1993,2.00E+00,-2.14E+00
1993,3.00E+00,-1.74E+00
1993,4.00E+00,-7.59E-01
1993,5.00E+00,-1.09E+00
1993,6.00E+00,-1.68E+00
1993,7.00E+00,-1.68E+00
1993,8.00E+00,-1.51E+00
1993,9.00E+00,-2.05E+00
1993,1.00E+01,-2.35E+00
1993,1.10E+01,-3.00E+00
1993,1.20E+01,-2.00E+00
1994,1.00E+00,-1.85E+00
1994,2.00E+00,-1.98E+00
1994,3.00E+00,-1.86E+00
1994,4.00E+00,-1.45E+00
1994,5.00E+00,-3.01E-01
1994,6.00E+00,-6.12E-01
1994,7.00E+00,-7.11E-01
1994,8.00E+00,-8.59E-01
1994,9.00E+00,-1.10E+00
1994,1.00E+01,-1.11E+00
1994,1.10E+01,-1.69E+00
1994,1.20E+01,-1.02E+00
1995,1.00E+00,-4.99E-01
1995,2.00E+00,-1.56E+00
1995,3.00E+00,-2.05E+00
1995,4.00E+00,-1.82E+00
1995,5.00E+00,-1.50E+00
1995,6.00E+00,-1.05E+00
1995,7.00E+00,-1.50E+00
1995,8.00E+00,-1.01E+00
1995,9.00E+00,-8.94E-01
1995,1.00E+01,-5.18E-01
1995,1.10E+01,-2.77E-01
1995,1.20E+01,2.16E-01
1996,1.00E+00,-6.39E-01
1996,2.00E+00,-1.05E+00
1996,3.00E+00,-1.15E+00
1996,4.00E+00,-4.36E-01
1996,5.00E+00,-1.27E+00
1996,6.00E+00,-1.06E+00
1996,7.00E+00,-8.84E-01
1996,8.00E+00,-7.48E-01
1996,9.00E+00,-9.34E-01
1996,1.00E+01,-1.04E+00
1996,1.10E+01,-1.10E+00
1996,1.20E+01,-1.35E+00
1997,1.00E+00,-1.64E+00
1997,2.00E+00,-1.11E+00
1997,3.00E+00,-6.18E-01
1997,4.00E+00,-5.06E-01
1997,5.00E+00,-8.77E-01
1997,6.00E+00,-9.38E-01
1997,7.00E+00,-7.72E-01
1997,8.00E+00,-7.86E-01
1997,9.00E+00,-4.81E-01
1997,1.00E+01,-5.94E-01
1997,1.10E+01,1.74E-01
1997,1.20E+01,2.61E-01
1998,1.00E+00,5.28E-01
1998,2.00E+00,1.90E+00
1998,3.00E+00,8.93E-01
1998,4.00E+00,5.22E-01
1998,5.00E+00,2.78E-01
1998,6.00E+00,1.19E-01
1998,7.00E+00,3.93E-01
1998,8.00E+00,2.73E-01
1998,9.00E+00,4.45E-02
1998,1.00E+01,9.88E-02
1998,1.10E+01,7.17E-01
1998,1.20E+01,7.69E-01
1999,1.00E+00,1.08E+00
1999,2.00E+00,2.30E+00
1999,3.00E+00,1.97E+00
1999,4.00E+00,1.65E+00
1999,5.00E+00,1.60E+00
1999,6.00E+00,1.91E+00
1999,7.00E+00,1.38E+00
1999,8.00E+00,1.43E+00
1999,9.00E+00,1.30E+00
1999,1.00E+01,1.18E+00
1999,1.10E+01,1.32E+00
1999,1.20E+01,1.05E+00
2000,1.00E+00,1.40E+00
2000,2.00E+00,2.12E+00
2000,3.00E+00,2.15E+00
2000,4.00E+00,2.37E+00
2000,5.00E+00,2.22E+00
2000,6.00E+00,2.10E+00
2000,7.00E+00,1.66E+00
2000,8.00E+00,1.35E+00
2000,9.00E+00,1.38E+00
2000,1.00E+01,1.70E+00
2000,1.10E+01,2.01E+00
2000,1.20E+01,2.16E+00
2001,1.00E+00,2.86E+00
2001,2.00E+00,2.96E+00
2001,3.00E+00,2.39E+00
2001,4.00E+00,2.20E+00
2001,5.00E+00,1.95E+00
2001,6.00E+00,2.35E+00
2001,7.00E+00,1.50E+00
2001,8.00E+00,1.92E+00
2001,9.00E+00,1.89E+00
2001,1.00E+01,1.16E+00
2001,1.10E+01,1.76E+00
2001,1.20E+01,2.02E+00
2002,1.00E+00,1.86E+00
2002,2.00E+00,2.18E+00
2002,3.00E+00,1.90E+00
2002,4.00E+00,8.97E-01
2002,5.00E+00,1.10E+00
2002,6.00E+00,1.61E+00
2002,7.00E+00,1.38E+00
2002,8.00E+00,8.12E-01
2002,9.00E+00,8.24E-01
2002,1.00E+01,8.24E-01
2002,1.10E+01,1.66E+00
2002,1.20E+01,2.64E+00
2003,1.00E+00,1.97E+00
2003,2.00E+00,9.93E-01
2003,3.00E+00,1.49E+00
2003,4.00E+00,1.10E+00
2003,5.00E+00,9.19E-01
2003,6.00E+00,7.78E-01
2003,7.00E+00,1.20E+00
2003,8.00E+00,7.82E-01
2003,9.00E+00,8.69E-01
2003,1.00E+01,1.29E+00
2003,1.10E+01,-1.14E-01
2003,1.20E+01,2.24E-01
2004,1.00E+00,2.65E-01
2004,2.00E+00,6.67E-01
2004,3.00E+00,3.83E-01
2004,4.00E+00,1.25E-01
2004,5.00E+00,2.07E-01
2004,6.00E+00,7.76E-01
2004,7.00E+00,4.12E-01
2004,8.00E+00,6.85E-01
2004,9.00E+00,3.76E-01
2004,1.00E+01,4.29E-02
2004,1.10E+01,-4.42E-01
2004,1.20E+01,-9.85E-01
2005,1.00E+00,-1.66E+00
2005,2.00E+00,-1.49E+00
2005,3.00E+00,-1.49E+00
2005,4.00E+00,-1.69E+00
2005,5.00E+00,-7.90E-01
2005,6.00E+00,-1.28E+00
2005,7.00E+00,-1.66E+00
2005,8.00E+00,-1.13E+00
2005,9.00E+00,-1.57E+00
2005,1.00E+01,-8.89E-01
2005,1.10E+01,-1.66E+00
2005,1.20E+01,-1.25E+00
2006,1.00E+00,-6.46E-01
2006,2.00E+00,-1.07E+00
2006,3.00E+00,-7.10E-01
2006,4.00E+00,-5.66E-01
2006,5.00E+00,-1.22E-01
2006,6.00E+00,-1.27E-01
2006,7.00E+00,-4.99E-01
2006,8.00E+00,-3.67E-01
2006,9.00E+00,-3.40E-01
2006,1.00E+01,-1.05E+00
2006,1.10E+01,-9.96E-01
2006,1.20E+01,-1.56E-01
2007,1.00E+00,-4.12E-01
2007,2.00E+00,-1.37E-01
2007,3.00E+00,-5.49E-01
2007,4.00E+00,2.61E-01
2007,5.00E+00,6.92E-01
2007,6.00E+00,1.23E+00
2007,7.00E+00,1.23E+00
2007,8.00E+00,1.44E+00
2007,9.00E+00,9.09E-01
2007,1.00E+01,1.27E+00
2007,1.10E+01,7.28E-01
2007,1.20E+01,4.58E-01
2008,1.00E+00,5.56E-01
2008,2.00E+00,1.14E+00
2008,3.00E+00,1.37E+00
2008,4.00E+00,1.40E+00
2008,5.00E+00,1.74E+00
2008,6.00E+00,1.28E+00
2008,7.00E+00,1.43E+00
2008,8.00E+00,2.14E+00
2008,9.00E+00,2.23E+00
2008,1.00E+01,1.77E+00
2008,1.10E+01,1.97E+00
2008,1.20E+01,4.49E-01
2009,1.00E+00,7.22E-01
2009,2.00E+00,9.09E-01
2009,3.00E+00,3.31E-01
2009,4.00E+00,4.16E-01
2009,5.00E+00,5.54E-01
2009,6.00E+00,3.70E-01
2009,7.00E+00,5.60E-01
2009,8.00E+00,7.18E-01
2009,9.00E+00,9.84E-01
2009,1.00E+01,1.15E+00
2009,1.10E+01,1.05E+00
2009,1.20E+01,1.06E+00
2010,1.00E+00,2.06E+00
2010,2.00E+00,1.84E+00
2010,3.00E+00,1.65E+00
2010,4.00E+00,1.18E+00
2010,5.00E+00,1.87E+00
2010,6.00E+00,1.24E+00
2010,7.00E+00,1.15E+00
2010,8.00E+00,1.08E+00
2010,9.00E+00,1.00E+00
2010,1.00E+01,1.61E+00
2010,1.10E+01,9.88E-01
2010,1.20E+01,7.80E-01
2011,1.00E+00,3.21E-01
2011,2.00E+00,5.49E-01
2011,3.00E+00,1.20E+00
2011,4.00E+00,5.96E-01
2011,5.00E+00,1.39E+00
2011,6.00E+00,1.11E+00
2011,7.00E+00,1.04E+00
2011,8.00E+00,1.04E+00
2011,9.00E+00,1.33E+00
2011,1.00E+01,1.20E+00
2011,1.10E+01,3.74E-01
2011,1.20E+01,1.32E-01
2012,1.00E+00,8.33E-01
2012,2.00E+00,8.62E-01
2012,3.00E+00,1.12E+00
2012,4.00E+00,1.93E+00
2012,5.00E+00,1.63E+00
2012,6.00E+00,1.94E+00
2012,7.00E+00,1.86E+00
2012,8.00E+00,1.73E+00
2012,9.00E+00,1.36E+00
2012,1.00E+01,1.87E+00
2012,1.10E+01,1.40E+00
2012,1.20E+01,1.20E+00
2013,1.00E+00,1.23E+00
2013,2.00E+00,1.20E+00
2013,3.00E+00,6.42E-01
2013,4.00E+00,4.76E-01
2013,5.00E+00,8.52E-01
2013,6.00E+00,7.26E-01
2013,7.00E+00,4.51E-01
2013,8.00E+00,5.61E-01
2013,9.00E+00,3.90E-01
2013,1.00E+01,-1.48E-01
2013,1.10E+01,-8.05E-01
2013,1.20E+01,-1.45E+00
2014,1.00E+00,-3.90E-01
2014,2.00E+00,-2.67E-01
2014,3.00E+00,-4.54E-01
2014,4.00E+00,-6.17E-01
2014,5.00E+00,2.28E-01
2014,6.00E+00,-4.17E-01
2014,7.00E+00,-1.33E-01
2014,8.00E+00,-5.45E-01
2014,9.00E+00,-7.76E-01
2014,1.00E+01,4.25E-01
2014,1.10E+01,3.12E-01
2014,1.20E+01,-3.55E-01
2015,1.00E+00,-5.50E-01
2015,2.00E+00,-1.27E+00
2015,3.00E+00,-1.39E+00
2015,4.00E+00,-1.38E+00
2015,5.00E+00,-7.20E-01
2015,6.00E+00,-1.25E+00
2015,7.00E+00,-1.47E+00
2015,8.00E+00,-1.93E+00
2015,9.00E+00,-2.10E+00
2015,1.00E+01,-1.31E+00
2015,1.10E+01,-2.25E+00
2015,1.20E+01,-1.11E+00
2016,1.00E+00,9.39E-01
2016,2.00E+00,2.30E-01
2016,3.00E+00,4.73E-01
2016,4.00E+00,-4.00E-01
2016,5.00E+00,-6.82E-01
2016,6.00E+00,-9.58E-01
2016,7.00E+00,-4.86E-01
2016,8.00E+00,-5.44E-01
2016,9.00E+00,-7.73E-01
2016,1.00E+01,3.53E-01
2016,1.10E+01,1.16E+00
2016,1.20E+01,-1.54E+00
2017,1.00E+00,-2.66E-01
2017,2.00E+00,-6.71E-01
2017,3.00E+00,-8.94E-01
2017,4.00E+00,-1.13E-01
2017,5.00E+00,-4.58E-01
2017,6.00E+00,-2.95E-01
2017,7.00E+00,-4.45E-01
2017,8.00E+00,-5.31E-01
2017,9.00E+00,-5.26E-01
2017,1.00E+01,-1.41E+00
2017,1.10E+01,-2.06E+00
2017,1.20E+01,-2.69E+00
2018,1.00E+00,-1.49E+00
2018,2.00E+00,-2.23E+00
2018,3.00E+00,-2.04E+00
2018,4.00E+00,-2.06E+00
2018,5.00E+00,-1.92E+00
2018,6.00E+00,-1.93E+00
2018,7.00E+00,-1.57E+00
2018,8.00E+00,-2.12E+00
2018,9.00E+00,-2.33E+00
2018,1.00E+01,-2.34E+00
2018,1.10E+01,-1.75E+00
2018,1.20E+01,-1.08E+00
2019,1.00E+00,-8.58E-01
2019,2.00E+00,-2.57E+00
2019,3.00E+00,-1.99E+00
2019,4.00E+00,-2.15E+00
2019,5.00E+00,-2.12E+00
2019,6.00E+00,-1.99E+00
2019,7.00E+00,-2.22E+00
2019,8.00E+00,-1.99E+00
2019,9.00E+00,-2.53E+00
2019,1.00E+01,-2.67E+00
2019,1.10E+01,-3.65E+00
2019,1.20E+01,-2.93E+00
2020,1.00E+00,-1.71E+00
2020,2.00E+00,-2.04E+00
2020,3.00E+00,-1.77E+00
2020,4.00E+00,-1.89E+00
2020,5.00E+00,-1.05E+00
2020,6.00E+00,-1.45E+00
2020,7.00E+00,-1.25E+00
